index,time_start,time_end,cpu_request,ram_request
373,1,30,0.018954668,0.045497338
350,2,5,0.000172533,0.033847564
272,3,13,0.016090011,0.039731043
748,3,15,0.045270532,0.039161932
57,5,23,0.027379471,0.040153201
294,7,28,0.030177714,0.044563859
49,8,36,0.026056722,0.013037051
979,8,30,0.031618277,0.039120196
458,9,12,0.047435712,0.013226562
431,9,34,0.018595652,0.008375125
520,10,16,0.017904944,0.042497178
187,11,24,0.040313405,0.021373062
395,12,20,0.0481673,0.033247889
541,15,21,0.027775964,0.031708773
129,16,36,0.011132066,0.016378583
573,17,17,0.025846485,0.022004465
658,18,42,0.045605286,0.03846128
264,18,42,0.007411614,0.028918458
390,23,38,0.033613387,0.01026156
279,24,53,0.009335312,0.028557975
133,27,43,0.001474531,0.04624879
467,28,52,0.023923118,0.032122586
386,29,48,0.036185137,0.038989741
628,29,37,0.044971287,0.018460659
989,31,54,0.039158394,0.007704898
938,31,35,0.004197137,0.044890667
653,31,54,0.017077031,0.047890218
937,34,43,0.011293532,0.046703468
957,34,45,0.04304163,0.017461371
841,36,60,0.036365779,0.042526871
11,38,58,0.035952789,0.022805099
375,41,56,0.042203455,0.037672036
131,42,60,0.048609365,0.007382352
200,42,54,0.005937193,0.009855296
799,43,64,0.037941832,0.023704121
77,44,53,0.037545737,0.014572614
360,46,70,0.005394845,0.010485349
924,46,61,0.018847065,0.036292801
791,47,66,0.01350168,0.04421883
300,49,52,0.043109848,0.022811223
763,49,61,0.034527313,0.026421564
393,49,59,0.042217593,0.034737913
74,49,71,0.005955841,0.033247889
788,49,76,0.047772488,0.021843095
707,50,64,0.018080154,0.023764634
387,51,53,0.036813877,0.029966879
200,51,67,0.014213054,0.009312114
183,51,60,0.004946435,0.026383131
688,51,51,0.012884591,0.016174238
965,53,68,0.022675815,0.038984804
830,55,68,0.000198097,0.032176877
626,56,59,0.002173506,0.043218876
742,59,89,0.040443707,0.016024065
10,59,65,0.015195257,0.027816743
503,60,86,0.001536435,0.017558984
425,60,70,0.045481384,0.014084187
894,62,83,0.046543731,0.000972572
541,62,83,0.043574518,0.027105982
902,63,77,0.00390833,0.033598925
450,63,73,0.017902654,0.035098547
420,66,75,0.046900153,0.029948176
434,66,96,0.028728749,0.046707171
675,66,91,0.035256881,0.016499815
152,66,71,0.022741631,0.021582778
267,67,74,0.003199982,0.040566321
921,68,97,0.019648631,0.011671685
348,69,80,0.027905387,0.049537725
247,70,74,0.006831646,0.049471724
461,70,71,0.014581768,0.03681838
315,70,71,0.028514327,0.035870526
999,72,77,0.010116582,0.003643856
619,73,92,0.041940762,0.043961253
50,75,88,0.047803808,0.024734332
356,78,87,0.015987358,0.025686443
64,78,105,0.009691944,0.04272409
177,79,104,0.024684774,0.044847986
551,79,95,0.014281075,0.031228709
362,80,98,0.019651995,0.016866419
630,80,83,0.01403397,0.027997428
895,80,85,0.035046023,0.028906437
152,80,85,0.017660738,0.027355364
182,81,82,0.007287161,0.024487051
497,81,109,0.02667734,0.025056683
497,84,109,0.037675881,0.027106028
104,85,98,0.023272101,0.048658342
939,86,91,0.040384536,0.021215299
919,87,110,0.000714369,0.045877494
713,88,95,0.033440026,0.00661279
211,89,110,0.006132496,0.012525134
136,89,89,0.023610699,0.035068174
745,90,98,0.014058124,0.017427467
887,91,108,0.049412799,0.036966207
170,92,107,0.045919695,0.017224779
855,93,99,0.048332177,0.001939175
277,93,98,0.047723495,0.046794334
501,94,112,0.019332991,0.005962285
692,95,120,0.000866831,0.001302102
452,96,126,0.00361366,0.037838051
479,98,113,0.023009015,0.034805501
365,99,117,0.031406827,0.039166297
419,100,100,0.004338437,0.000273194
968,101,122,0.047220802,0.026714115
669,104,107,0.006424554,0.044381362
358,105,116,0.041354333,0.007847896
977,105,106,0.000250247,0.003238637
336,107,124,0.02751832,0.000125307
349,108,124,0.049624194,0.029234075
661,109,115,0.028037675,0.016130384
846,111,114,0.022944247,0.030638364
315,111,135,0.014252535,0.039160657
955,112,135,0.046566616,0.007740019
134,114,143,0.014526921,0.016822172
940,114,129,0.041097185,0.011702992
212,114,126,0.011500211,0.00143435
328,114,121,0.004017318,0.00154132
940,115,130,0.035376959,0.041549378
700,116,134,0.049768212,0.030419414
360,117,144,0.002906516,0.008712175
908,119,123,0.03355536,0.017355469
433,119,136,0.032554926,0.048763768
158,119,147,0.027536199,0.025408244
828,119,132,0.028071574,0.010166279
239,120,150,0.023463231,0.014169608
366,123,126,0.029642807,0.021852662
973,124,143,0.040853065,0.026772534
551,127,128,0.040184087,0.018545101
978,128,155,0.038040676,0.046337765
833,129,152,0.042882171,0.002477773
121,130,151,0.02248423,0.016752775
705,134,140,0.008827595,0.008450963
24,134,156,0.006156244,0.038102401
197,135,140,0.011569124,0.021189982
959,136,159,0.041690069,0.020973222
808,136,141,0.004567513,0.012141181
328,137,165,0.034388111,0.015557385
463,138,149,0.018389806,0.003356478
847,138,154,0.002877616,0.00381963
720,140,143,0.023448144,0.02907121
436,141,156,0.013395329,0.010825979
479,142,143,0.011769217,0.011070709
27,142,142,0.00306741,0.020346291
878,143,162,0.033469341,0.040491459
367,143,172,0.023565426,0.010631299
942,144,149,0.043658808,0.036901992
726,144,160,0.009929192,0.044379819
765,151,155,0.025232611,0.024057972
763,152,178,0.04381287,0.023888971
482,152,174,7.08177E-05,0.025321818
779,152,158,0.0354868,0.016624453
570,154,181,0.032061598,0.048629528
205,155,162,0.009783713,0.047355349
769,155,173,0.044168945,0.021233035
306,156,181,0.014997356,0.005291311
574,157,184,0.016045514,0.012896088
259,158,172,0.024972043,0.020462877
225,158,179,0.024699617,0.031851201
303,159,164,0.020084556,0.027670039
442,159,165,0.024090451,0.012984385
960,160,160,0.004297145,0.027823345
71,163,169,0.04216903,0.03517991
506,163,178,0.043753706,0.026206781
118,164,186,0.004707406,0.0161348
656,164,171,0.044724086,0.048620412
681,164,191,0.022296214,0.047065838
326,169,178,0.040827348,0.01695823
539,169,187,0.02087367,0.037502337
804,169,185,0.02394348,0.022733913
966,171,194,0.045389557,0.000671424
295,172,173,0.019846994,0.046156967
498,172,193,0.032999465,0.037483881
716,172,202,0.010651474,0.014388153
228,173,176,0.001337159,0.030061156
10,173,175,0.022416232,0.024037832
28,175,180,0.005584602,0.034957895
792,175,176,0.012006148,0.013098992
235,176,190,0.046558362,0.020723565
374,179,188,0.028321901,0.011851235
14,179,202,0.019372299,0.030650611
1000,179,209,0.001725679,0.020908016
382,181,187,0.008488253,0.026388165
910,182,191,0.011361795,0.032340335
945,184,188,0.000702121,0.027781065
595,186,213,0.021234138,0.043795332
244,187,205,0.022681614,0.037167011
916,190,207,0.04426773,0.047892952
445,190,210,0.038352682,0.014309157
990,191,213,0.039020008,0.025765042
596,194,197,0.021822714,0.027300755
84,196,208,0.0253187,0.015573742
624,196,202,0.048091055,0.014479963
646,196,225,0.026211746,0.002249981
228,196,222,0.007686915,0.003715317
870,201,221,0.009801816,0.009989381
851,202,211,0.033898953,0.014330733
535,203,232,0.023537784,0.000369704
28,204,206,0.037461839,0.021098199
763,205,226,0.010040226,0.035607778
875,206,222,0.022588136,0.027189946
123,208,212,0.009268684,0.031288722
3,208,213,0.010813703,0.024456151
383,208,229,0.009527152,0.020095485
907,208,218,0.042176464,0.045518912
608,209,225,0.028551395,0.019616142
590,209,227,0.048097092,0.010714618
857,210,213,0.000829405,0.049016377
806,211,212,0.04860015,0.03075918
458,212,217,0.034236289,0.032349987
307,212,215,0.027484391,0.037468888
367,212,221,0.019876492,0.013600364
713,213,220,0.01675378,0.039161247
4,214,219,0.032292386,0.00729252
918,218,218,0.034919239,0.022690671
187,219,246,0.005393592,0.004790333
683,220,234,0.049305973,0.047410907
916,221,233,0.039258481,0.002986606
672,221,245,0.037556847,0.037151101
902,223,241,0.031094692,0.041634004
460,225,240,0.016258462,0.003623707
119,225,250,0.00322125,0.011375955
184,225,243,0.028694412,0.022264342
0,228,236,0.006519946,0.041569728
987,228,238,0.008575599,0.037986637
375,229,247,0.014403984,0.034522065
520,231,254,0.005752406,0.003222767
46,232,262,0.040426921,0.003290217
907,234,234,0.008324403,0.01687154
706,234,252,0.030643869,8.19004E-06
289,234,245,0.042376409,0.043054466
192,235,261,0.01263926,0.046134372
0,236,259,0.047959421,0.03981479
56,236,238,0.014025159,0.019098068
41,239,247,0.034700298,0.019068748
62,239,266,0.044454073,0.014868202
807,240,265,0.013785567,0.046527118
942,240,267,0.002550639,0.021409613
876,240,260,0.023971526,0.019971113
948,241,271,0.037825565,0.01648411
274,242,253,0.001746175,0.049431373
255,242,251,0.003725259,0.041962141
555,242,243,0.028390632,0.031227721
315,244,260,0.015801174,0.02285102
134,244,245,0.010823126,0.045864835
996,245,253,0.043407988,0.019414929
110,246,276,0.048559245,0.017695398
421,248,258,0.011973162,0.03229897
6,248,249,0.0422484,0.049115758
28,248,261,0.02105493,0.037209381
2,252,276,0.01044447,0.011086038
11,252,279,0.005988349,0.012738356
110,257,277,0.046859506,0.001663759
685,258,270,0.020668535,0.02786492
24,258,260,0.035770766,0.011263525
614,258,279,0.009309946,0.034133813
367,260,288,0.038181113,0.005549704
563,260,283,0.026813449,0.026773148
506,261,272,0.01380621,0.019675844
186,263,271,0.000120757,0.02138994
171,266,282,0.036537071,0.007737159
900,267,274,0.0027637,0.008117706
75,267,294,0.004279515,0.003163591
101,268,293,0.027797059,0.039002381
358,268,287,0.047727854,0.026409285
71,271,276,0.029263496,0.037530263
152,271,284,0.013119911,0.003206633
354,272,280,0.027130219,0.038485217
890,273,277,0.019625117,0.045815345
80,273,276,0.01096895,0.038995823
788,275,298,0.002536385,0.044142984
46,275,286,0.015653727,0.044737703
122,275,285,0.000971771,0.030562858
35,276,296,0.029835245,0.034405534
502,277,280,0.02322189,0.03246367
522,278,288,0.044277967,0.04296401
1,279,306,0.011141863,0.023015247
544,280,295,0.024558846,0.043087096
665,282,301,0.000299376,0.019086819
23,283,286,0.039947484,0.043232171
657,284,292,0.024267109,0.041112354
619,284,299,0.006569689,0.048983097
610,284,287,0.009211803,0.015180291
8,284,310,0.018668026,0.046534808
659,286,315,0.044431214,0.038080278
951,286,294,0.002787973,0.018562595
270,287,295,0.044678031,0.037049491
961,289,298,0.031518361,0.021887729
567,290,294,0.033348812,0.024472923
388,290,291,0.048022242,0.028435427
612,291,307,0.035744915,0.017054785
110,291,300,0.048658102,0.030218023
301,292,293,0.021316913,0.031931583
529,292,311,0.021358782,0.046376418
942,293,318,0.032724591,0.026869384
30,295,306,0.037228289,0.039722451
351,295,297,0.006450879,0.049208688
892,297,318,0.003345931,0.033934875
843,298,322,0.043846321,0.033668846
364,299,305,0.013923338,0.038796685
57,300,327,0.02578575,0.031445009
92,300,323,0.031847018,0.025772642
32,301,329,0.043642557,0.011819413
682,303,323,0.017057516,0.027268743
856,303,313,0.026219678,0.029269597
171,303,311,0.001671802,0.02347996
56,304,306,0.014961426,0.029090672
0,304,320,0.026402435,0.03850134
869,306,311,0.011201787,0.00803608
706,308,338,0.043774758,0.027874548
897,310,337,0.0008787,0.017864042
387,310,324,0.040560721,0.016504523
761,311,325,0.015594928,0.021953267
586,312,323,0.031684419,0.020359714
329,312,312,0.038158019,0.000491105
609,317,333,0.034126232,0.048302902
721,317,337,0.006514592,0.027292723
512,320,346,0.002871461,0.035200788
833,322,324,0.020326751,0.025266272
10,323,344,0.03181699,0.002330713
547,324,346,0.005319285,0.004759949
987,325,327,0.038406201,0.02325595
753,326,332,0.018816558,0.02921505
821,328,337,0.009436976,0.0327097
159,329,359,0.027552498,0.003415418
457,331,332,0.030502644,0.012627819
794,332,355,0.013154398,0.040985184
772,332,342,0.00736712,0.049198368
528,333,350,0.045817737,0.031531339
154,334,343,0.005196541,0.029948421
479,335,358,0.026044276,0.027836596
264,337,357,0.034506472,0.036612282
4,337,346,0.024595119,0.037591249
767,338,360,0.012320785,0.047767765
392,341,354,0.041543532,0.016594871
0,342,347,0.002035006,0.007109961
460,345,360,0.024296915,0.021093214
457,345,374,0.026499604,0.041165088
137,347,364,0.019878964,0.026336076
196,347,349,0.02077663,0.000259979
905,348,356,0.021317317,0.036244753
417,349,352,0.042568956,0.017052028
223,351,353,0.025886046,0.039157338
340,353,370,0.038759272,0.012088611
81,354,380,0.024890782,0.0025643
341,355,380,0.036586362,0.037024861
784,356,365,0.011257898,0.000501853
540,358,385,0.029545023,0.021462063
789,359,365,0.016522234,0.020249666
816,359,373,0.008886116,0.030267715
6,359,362,0.043858849,0.022462083
789,363,385,0.020899599,0.019536898
23,363,377,0.033850329,0.01775607
51,364,368,0.042676796,0.021911277
163,365,375,0.022530288,0.013970812
222,366,385,0.017376611,0.014238305
645,369,379,0.028065472,0.025995474
822,370,395,0.034500892,0.033436758
706,370,370,0.015698371,0.018566903
591,371,381,0.027570484,0.013940253
337,371,395,0.031039415,0.024366015
393,372,399,0.012560264,0.01153922
696,375,385,0.042068525,0.036060411
313,376,392,0.010912275,0.043090197
478,376,379,0.024777523,0.003469817
795,376,387,0.00390152,0.046543043
720,376,405,0.018373595,0.013091454
345,377,406,0.02649779,0.044388882
245,378,384,0.044392025,0.025437936
56,380,384,0.026286189,0.032750061
740,381,398,0.038019238,0.033641414
525,382,388,0.042086006,0.046487207
700,382,394,0.001130657,0.009662783
694,383,383,0.018536679,0.031480786
286,383,391,0.028397362,0.005797366
628,387,398,0.013450376,0.008253122
973,387,397,0.029276252,0.01960631
244,388,394,0.031316481,0.019855748
23,388,412,0.007921637,0.043819075
383,390,397,0.038637342,0.047804319
219,390,419,0.010211265,0.005192636
700,390,398,0.007175778,0.012137913
0,390,396,0.000101714,0.03875798
72,391,402,0.018005143,0.041711671
166,392,413,0.032581143,0.042977843
724,392,401,0.007659107,0.036924529
284,393,414,0.046517663,0.047907595
984,393,412,0.040616172,0.04872824
52,393,409,0.013920587,0.040288628
344,394,414,0.022721455,0.010570714
32,394,399,0.036176254,0.0098322
77,395,425,0.001907431,0.030485448
234,397,403,0.035908706,0.012757383
30,397,427,0.041976882,0.036445867
109,398,405,0.00015772,0.006552796
533,398,413,0.030642457,0.005839852
371,399,402,0.038142497,0.01908622
882,399,424,0.029197794,0.027899097
266,401,423,0.016177574,0.035957945
145,402,414,0.017949608,0.014315284
370,402,420,0.016645703,0.033598555
403,403,413,0.021175466,0.025845118
598,406,431,0.012054719,0.033645072
40,406,416,0.049107993,0.010192367
590,407,417,0.021638777,0.016597429
272,408,408,0.004745795,0.007816185
282,409,435,0.000741639,0.032495344
659,410,410,0.027905762,0.020463261
157,412,432,0.021544894,0.038715728
446,412,424,0.033130447,0.006567496
279,413,429,0.031969282,0.038195996
773,414,444,0.014978813,0.032843101
31,415,415,0.044186329,0.02215501
22,415,420,0.005870012,0.005105851
774,416,434,0.024617633,0.024798559
580,417,431,0.025679617,0.038142388
847,418,440,0.044687356,0.013363902
213,418,446,0.044466646,0.003639542
832,419,424,0.045255335,0.046915324
405,419,442,0.035809241,0.039180745
541,421,451,0.0256892,0.024359702
625,422,450,0.048357956,0.035440065
49,422,439,0.038520875,0.009389286
342,424,437,0.020638435,0.014909856
576,425,452,0.00783761,0.029344731
36,428,450,0.009419393,0.013660288
386,429,434,0.047431393,0.018924359
65,430,457,0.008633485,0.039032999
81,430,458,0.02621428,0.018397372
298,432,437,0.015165422,0.034503715
556,434,437,0.03418941,0.02964784
35,435,457,0.019784177,0.03173674
726,437,452,0.045749503,0.005298419
731,438,455,0.038407579,0.008131519
23,438,463,0.002223765,0.005837568
749,439,441,0.041041758,0.015983347
745,440,449,0.024366414,0.038564319
774,441,457,0.03213682,0.020233168
626,442,466,0.000377506,0.045518267
792,444,472,0.032496012,0.029815062
501,448,466,0.035203029,0.022055455
918,449,451,0.031574927,0.014223634
645,450,450,0.048491934,0.008937536
977,450,473,0.002818452,0.019257144
796,450,456,0.023550738,0.037405137
246,452,469,0.016436823,0.003650386
482,455,479,0.008596147,0.006280326
4,457,486,0.047739776,0.03320155
813,460,479,0.045582183,0.006798393
448,460,463,0.042936543,0.016842913
206,460,465,0.019783281,0.039568631
18,462,481,0.033061598,0.030296895
108,463,482,0.020524167,0.037452387
990,465,476,0.0213288,0.026777862
40,466,487,0.035949572,0.042310492
901,466,483,0.0489487,0.033928823
33,467,479,0.015270912,0.037352692
639,467,488,0.035859612,0.030193248
230,467,493,0.03097894,0.038530684
931,468,489,0.047781611,0.04840034
61,469,479,0.012403389,0.012043408
426,469,480,0.020535796,0.016133135
240,471,482,0.008106879,0.033525231
0,472,500,0.021435446,0.039345494
834,472,479,0.012739943,0.017820099
283,473,475,0.036575994,0.008459718
6,473,474,0.024568169,0.021695704
952,474,488,0.040663093,0.016366408
570,476,492,0.049072818,0.007305112
280,477,505,0.016511619,0.018200969
69,478,507,0.028682782,0.012495309
846,478,492,0.008283044,0.047802026
319,480,492,0.014372749,0.035793491
174,480,491,0.001322341,0.044604758
701,480,482,0.00166445,0.032621201
10,481,503,0.00300333,0.005710982
439,481,492,0.047234969,0.044802916
716,482,495,0.002375479,0.009711113
652,483,509,0.014568105,0.014545749
973,483,494,0.007001245,0.01091713
646,484,495,0.023073159,0.048956102
620,484,503,0.03526032,0.043476229
290,485,500,0.013863912,0.016488057
519,486,494,0.026957537,0.048625105
23,486,499,0.022452568,0.044476736
120,486,509,0.011193814,0.023354976
518,487,511,0.008627944,0.04790676
405,487,516,0.013594962,0.007444636
508,487,506,0.04833724,0.02986897
620,488,503,0.046357096,0.020650513
142,491,492,0.033938668,0.033425743
952,493,508,0.023177819,0.024494402
654,493,499,0.042729346,0.008561609
988,493,495,0.047659879,0.014515896
548,494,519,0.042578315,0.007393448
998,495,518,0.020156609,0.049758951
882,495,512,0.046555659,0.025267661
75,496,503,0.019190717,0.0143756
704,496,509,0.032598417,0.049820268
25,497,517,0.032475826,0.038014534
925,499,529,0.028644488,0.011448221
400,499,514,0.008795379,0.003642496